arm,turn,kind,ts,model,input,cache_write,cache_write_5m,cache_write_1h,cache_read,output,cwt,base_uncached,requestId,user_snip
ttl-long,1,real,2026-06-22T02:35:03.618Z,claude-opus-4-8,7643,4137,0,4137,9881,105,17430.1,22186.0,req_011CcHX1GYefPhszwYTRPmMK,Read apps/api/src/service.ts and summarize its responsibilit
ttl-long,2,real,2026-06-22T02:35:03.923Z,claude-opus-4-8,7643,4137,0,4137,9881,105,17430.1,22186.0,req_011CcHX1GYefPhszwYTRPmMK,Read apps/api/src/service.ts and summarize its responsibilit
ttl-long,3,real,2026-06-22T02:35:10.272Z,claude-opus-4-8,2,10730,0,10730,14018,352,24623.8,26510.0,req_011CcHX1WJsyJxUG7hJpoStM,"1	import { randomUUID } from ""node:crypto""; 2	import { 3	  d"
ttl-long,4,real,2026-06-22T03:45:20.721Z,claude-opus-4-8,2,25134,0,25134,0,74,50640.0,25506.0,req_011CcHcN4XGDuomCnJfn88pk,Now read packages/data/src/provider.ts and summarize its res
ttl-long,5,real,2026-06-22T03:45:27.256Z,claude-opus-4-8,2,2171,0,2171,25134,412,8917.4,29367.0,req_011CcHcNM3gi8w99owSgME2x,"1	import type { DrawResult } from ""@lotto/shared""; 2	 3	cons"
wlA-off,1,real,2026-06-22T01:52:38.659Z,claude-opus-4-8,7643,4333,0,4333,9881,268,18637.1,23197.0,req_011CcHTmiT9LVjxDsHigstJP,Add comprehensive JSDoc comments to every exported function 
wlA-off,2,real,2026-06-22T01:52:39.317Z,claude-opus-4-8,7643,4333,0,4333,9881,268,18637.1,23197.0,req_011CcHTmiT9LVjxDsHigstJP,Add comprehensive JSDoc comments to every exported function 
wlA-off,3,real,2026-06-22T01:52:40.088Z,claude-opus-4-8,7643,4333,0,4333,9881,268,18637.1,23197.0,req_011CcHTmiT9LVjxDsHigstJP,Add comprehensive JSDoc comments to every exported function 
wlA-off,4,real,2026-06-22T01:52:40.497Z,claude-opus-4-8,7643,4333,0,4333,9881,268,18637.1,23197.0,req_011CcHTmiT9LVjxDsHigstJP,"1	import { randomUUID } from ""node:crypto""; 2	import { 3	  d"
wlA-off,5,real,2026-06-22T01:52:40.703Z,claude-opus-4-8,7643,4333,0,4333,9881,268,18637.1,23197.0,req_011CcHTmiT9LVjxDsHigstJP,"1	import { randomUUID } from ""node:crypto""; 2	import { 3	  d"
wlA-off,6,real,2026-06-22T01:52:57.708Z,claude-opus-4-8,2,13409,0,13409,14214,1916,37821.4,37205.0,req_011CcHTn3PRZb3ieV8TVosFn,"1	import type { LotteryResultProvider } from ""./provider.js"""
wlA-off,7,real,2026-06-22T01:52:58.650Z,claude-opus-4-8,2,13409,0,13409,14214,1916,37821.4,37205.0,req_011CcHTn3PRZb3ieV8TVosFn,"1	import type { LotteryResultProvider } from ""./provider.js"""
wlA-off,8,real,2026-06-22T01:53:08.479Z,claude-opus-4-8,2,13409,0,13409,14214,1916,37821.4,37205.0,req_011CcHTn3PRZb3ieV8TVosFn,"1	import type { LotteryResultProvider } from ""./provider.js"""
wlA-off,9,real,2026-06-22T01:53:12.987Z,claude-opus-4-8,2,1998,0,1998,27623,277,8145.3,31008.0,req_011CcHTp62j1nihLHfdXUnGW,The file /tmp/ccka-wlA-off/apps/api/src/service.ts has been 
wlA-off,10,real,2026-06-22T01:53:19.513Z,claude-opus-4-8,83,359,0,359,29621,252,5023.1,31323.0,req_011CcHTpRBehg23nid54PXwf,The file /tmp/ccka-wlA-off/apps/api/src/service.ts has been 
wlA-off,11,real,2026-06-22T01:53:30.674Z,claude-opus-4-8,2,391,0,391,29980,266,5112.0,31703.0,req_011CcHTpvQ4oK4ttgpLaxJio,The file /tmp/ccka-wlA-off/apps/api/src/service.ts has been 
wlA-off,12,real,2026-06-22T01:53:37.332Z,claude-opus-4-8,2,324,0,324,30371,364,5507.1,32517.0,req_011CcHTqigtX7zQr9Z464Nrt,The file /tmp/ccka-wlA-off/apps/api/src/service.ts has been 
wlA-off,13,real,2026-06-22T01:53:42.053Z,claude-opus-4-8,131,422,0,422,30695,327,5679.5,32883.0,req_011CcHTrDF7euYEZryrdVPuv,The file /tmp/ccka-wlA-off/apps/api/src/service.ts has been 
wlA-off,14,real,2026-06-22T01:53:48.059Z,claude-opus-4-8,2,514,0,514,31117,327,5776.7,33268.0,req_011CcHTrZZEyk8tMrzQSKvsy,The file /tmp/ccka-wlA-off/apps/api/src/service.ts has been 
wlA-off,15,real,2026-06-22T01:53:55.453Z,claude-opus-4-8,2,385,0,385,31631,597,6920.1,35003.0,req_011CcHTs15exjaeEY6PjW8vC,The file /tmp/ccka-wlA-off/apps/api/src/service.ts has been 
wlA-off,16,real,2026-06-22T01:54:01.192Z,claude-opus-4-8,2,655,0,655,32016,461,6818.6,34978.0,req_011CcHTsZ3GSozdXxL1Ecfvp,The file /tmp/ccka-wlA-off/apps/api/src/service.ts has been 
wlA-off,17,real,2026-06-22T01:54:05.166Z,claude-opus-4-8,2,655,0,655,32016,461,6818.6,34978.0,req_011CcHTsZ3GSozdXxL1Ecfvp,The file /tmp/ccka-wlA-off/apps/api/src/service.ts has been 
wlA-off,18,real,2026-06-22T01:54:10.817Z,claude-opus-4-8,2,522,0,522,32671,337,5998.1,34880.0,req_011CcHTtGGVRMhq7KkyMFy9N,The file /tmp/ccka-wlA-off/apps/api/src/agentClient.ts has b
wlA-off,19,real,2026-06-22T01:54:25.776Z,claude-opus-4-8,2,398,0,398,33193,883,8532.3,38008.0,req_011CcHTtgeh7whGGufSJVQNZ,The file /tmp/ccka-wlA-off/apps/api/src/agentClient.ts has b
wlA-off,20,real,2026-06-22T01:54:30.022Z,claude-opus-4-8,2,944,0,944,33591,287,6684.1,35972.0,req_011CcHTunPkQ8HgZcDRQdLFx,The file /tmp/ccka-wlA-off/apps/api/src/agentClient.ts has b
wlA-off,21,real,2026-06-22T01:54:30.496Z,claude-opus-4-8,2,944,0,944,33591,287,6684.1,35972.0,req_011CcHTunPkQ8HgZcDRQdLFx,The file /tmp/ccka-wlA-off/apps/api/src/agentClient.ts has b
wlA-off,22,real,2026-06-22T01:54:31.919Z,claude-opus-4-8,2,944,0,944,33591,287,6684.1,35972.0,req_011CcHTunPkQ8HgZcDRQdLFx,The file /tmp/ccka-wlA-off/apps/api/src/agentClient.ts has b
wlA-off,23,real,2026-06-22T01:54:35.769Z,claude-opus-4-8,2,342,0,342,34535,132,4799.5,35539.0,req_011CcHTvKzXq687VD4KTQVSS,undefined /tmp/ccka-wlA-off/apps/api:  ERR_PNPM_RECURSIVE_EX
wlA-off,24,real,2026-06-22T01:54:40.000Z,claude-opus-4-8,131,345,0,345,34877,187,5243.7,36288.0,req_011CcHTvcD6V57igLSG8TktF,npm warn exec The following package was not found and will b
wlA-off,25,real,2026-06-22T01:54:41.229Z,claude-opus-4-8,131,345,0,345,34877,187,5243.7,36288.0,req_011CcHTvcD6V57igLSG8TktF,npm warn exec The following package was not found and will b
wlA-off,26,real,2026-06-22T01:54:47.886Z,claude-opus-4-8,2,309,0,309,35222,202,5152.2,36543.0,req_011CcHTvwYwNnWnkPq6akhmq,exit: 2
wlA-off,27,real,2026-06-22T01:54:49.632Z,claude-opus-4-8,2,309,0,309,35222,202,5152.2,36543.0,req_011CcHTvwYwNnWnkPq6akhmq,exit: 2
wlA-off,28,real,2026-06-22T01:54:54.156Z,claude-opus-4-8,2,259,0,259,35531,123,4688.1,36407.0,req_011CcHTwb1CKdVo5kHs5yZy1,"apps/api/package.json   ""scripts"": {     ""dev"": ""tsx src/ser"
wlA-off,29,real,2026-06-22T01:54:58.636Z,claude-opus-4-8,2,316,0,316,35790,752,7973.0,39868.0,req_011CcHTwvPX2yeaqGHj7zjpy,> @lotto/api@0.1.0 build /tmp/ccka-wlA-off/apps/api > tsc -p
wlA-off,30,real,2026-06-22T01:55:05.995Z,claude-opus-4-8,2,316,0,316,35790,752,7973.0,39868.0,req_011CcHTwvPX2yeaqGHj7zjpy,> @lotto/api@0.1.0 build /tmp/ccka-wlA-off/apps/api > tsc -p
wlA-off,31,real,2026-06-22T02:02:24.295Z,claude-opus-4-8,52,27,0,27,36858,1124,9411.8,42557.0,req_011CcHUW4BiYCvXjy88BRzC7,Now also add a short JSDoc note describing each thrown error
wlA-off,32,real,2026-06-22T02:02:25.242Z,claude-opus-4-8,52,27,0,27,36858,1124,9411.8,42557.0,req_011CcHUW4BiYCvXjy88BRzC7,Now also add a short JSDoc note describing each thrown error
wlA-off,33,real,2026-06-22T02:02:25.890Z,claude-opus-4-8,52,27,0,27,36858,1124,9411.8,42557.0,req_011CcHUW4BiYCvXjy88BRzC7,Now also add a short JSDoc note describing each thrown error
wlA-off,34,real,2026-06-22T02:02:28.594Z,claude-opus-4-8,2,1797,0,1797,36885,117,7869.5,39269.0,req_011CcHUXAu4fynVyC8SLT1kc,60	  const normalized = normalizeRequest(req); 61	  let fres
wlA-off,35,real,2026-06-22T02:02:32.007Z,claude-opus-4-8,2,910,0,910,38682,117,6275.2,40179.0,req_011CcHUXNTqDtpr4okEnVwHk,186	  }); 187	} 188	 189	/** 190	 * Validates that each supp
wlA-off,36,real,2026-06-22T02:02:35.552Z,claude-opus-4-8,2,708,0,708,39592,307,6912.2,41837.0,req_011CcHUXf6TUMkBAkTysseiY,244	 */ 245	export async function checkSavedRecommendation(i
wlA-off,37,real,2026-06-22T02:02:37.414Z,claude-opus-4-8,2,708,0,708,39592,307,6912.2,41837.0,req_011CcHUXf6TUMkBAkTysseiY,244	 */ 245	export async function checkSavedRecommendation(i
wlA-off,38,real,2026-06-22T02:02:41.478Z,claude-opus-4-8,131,389,0,389,40300,274,6309.0,42190.0,req_011CcHUY2CxRauGDJLzQZf39,The file /tmp/ccka-wlA-off/apps/api/src/service.ts has been 
wlA-off,39,real,2026-06-22T02:02:46.209Z,claude-opus-4-8,2,461,0,461,40689,277,6377.9,42537.0,req_011CcHUYKju87iVSM8pDBdEb,The file /tmp/ccka-wlA-off/apps/api/src/service.ts has been 
wlA-off,40,real,2026-06-22T02:02:52.369Z,claude-opus-4-8,2,335,0,335,41150,290,6237.0,42937.0,req_011CcHUYgNsxMLdKnEcNUhTN,The file /tmp/ccka-wlA-off/apps/api/src/service.ts has been 
wlA-off,41,real,2026-06-22T02:02:56.241Z,claude-opus-4-8,2,348,0,348,41485,272,6206.5,43195.0,req_011CcHUZ8EddS5LveP4Gu9UU,The file /tmp/ccka-wlA-off/apps/api/src/service.ts has been 
wlA-off,42,real,2026-06-22T02:02:59.105Z,claude-opus-4-8,2,330,0,330,41833,420,6945.3,44265.0,req_011CcHUZQzSt9DUuEzHCLAej,The file /tmp/ccka-wlA-off/apps/api/src/service.ts has been 
wlA-off,43,real,2026-06-22T02:03:02.078Z,claude-opus-4-8,2,330,0,330,41833,420,6945.3,44265.0,req_011CcHUZQzSt9DUuEzHCLAej,The file /tmp/ccka-wlA-off/apps/api/src/service.ts has been 
wlA-off,44,real,2026-06-22T02:03:08.118Z,claude-opus-4-8,2,481,0,481,42163,352,6940.3,44406.0,req_011CcHUZqyMh9mLyiCCtZZSW,The file /tmp/ccka-wlA-off/apps/api/src/agentClient.ts has b
wlA-off,45,real,2026-06-22T02:03:11.400Z,claude-opus-4-8,2,481,0,481,42163,352,6940.3,44406.0,req_011CcHUZqyMh9mLyiCCtZZSW,The file /tmp/ccka-wlA-off/apps/api/src/agentClient.ts has b
wlA-on,1,real,2026-06-22T02:04:07.516Z,claude-opus-4-8,7643,4220,0,4220,9881,266,18401.1,23074.0,req_011CcHUeSFjURvS6F5qzH3VR,Add comprehensive JSDoc comments to every exported function 
wlA-on,2,real,2026-06-22T02:04:07.518Z,claude-opus-4-8,7643,4220,0,4220,9881,266,18401.1,23074.0,req_011CcHUeSFjURvS6F5qzH3VR,Add comprehensive JSDoc comments to every exported function 
wlA-on,3,real,2026-06-22T02:04:08.437Z,claude-opus-4-8,7643,4220,0,4220,9881,266,18401.1,23074.0,req_011CcHUeSFjURvS6F5qzH3VR,Add comprehensive JSDoc comments to every exported function 
wlA-on,4,real,2026-06-22T02:04:08.943Z,claude-opus-4-8,7643,4220,0,4220,9881,266,18401.1,23074.0,req_011CcHUeSFjURvS6F5qzH3VR,"1	import type { LotteryResultProvider } from ""./provider.js"""
wlA-on,5,real,2026-06-22T02:04:09.149Z,claude-opus-4-8,7643,4220,0,4220,9881,266,18401.1,23074.0,req_011CcHUeSFjURvS6F5qzH3VR,"1	import type { LotteryResultProvider } from ""./provider.js"""
wlA-on,6,real,2026-06-22T02:04:19.595Z,claude-opus-4-8,2,13407,0,13407,14101,2069,38571.1,37855.0,req_011CcHUenac4EXeTgvYfKoZi,"1	import { fallbackExplanation } from ""@lotto/core""; 2	impor"
wlA-on,7,real,2026-06-22T02:04:22.058Z,claude-opus-4-8,2,13407,0,13407,14101,2069,38571.1,37855.0,req_011CcHUenac4EXeTgvYfKoZi,"1	import { fallbackExplanation } from ""@lotto/core""; 2	impor"
wlA-on,8,real,2026-06-22T02:04:32.800Z,claude-opus-4-8,2,13407,0,13407,14101,2069,38571.1,37855.0,req_011CcHUenac4EXeTgvYfKoZi,"1	import { fallbackExplanation } from ""@lotto/core""; 2	impor"
wlA-on,9,real,2026-06-22T02:04:34.750Z,claude-opus-4-8,2,13407,0,13407,14101,2069,38571.1,37855.0,req_011CcHUenac4EXeTgvYfKoZi,The file /tmp/ccka-wlA-on/apps/api/src/service.ts has been u
wlA-on,10,real,2026-06-22T02:04:39.051Z,claude-opus-4-8,2,2279,0,2279,27508,1222,13420.8,35899.0,req_011CcHUgg12SNk9B5UyBdGH9,The file /tmp/ccka-wlA-on/apps/api/src/service.ts has been u
wlA-on,11,real,2026-06-22T02:04:41.515Z,claude-opus-4-8,2,2279,0,2279,27508,1222,13420.8,35899.0,req_011CcHUgg12SNk9B5UyBdGH9,The file /tmp/ccka-wlA-on/apps/api/src/service.ts has been u
wlA-on,12,real,2026-06-22T02:04:44.682Z,claude-opus-4-8,2,2279,0,2279,27508,1222,13420.8,35899.0,req_011CcHUgg12SNk9B5UyBdGH9,The file /tmp/ccka-wlA-on/apps/api/src/service.ts has been u
wlA-on,13,real,2026-06-22T02:04:47.551Z,claude-opus-4-8,2,2279,0,2279,27508,1222,13420.8,35899.0,req_011CcHUgg12SNk9B5UyBdGH9,The file /tmp/ccka-wlA-on/apps/api/src/service.ts has been u
wlA-on,14,real,2026-06-22T02:04:52.978Z,claude-opus-4-8,211,1540,0,1540,29787,913,10834.7,36103.0,req_011CcHUhcpKQMdfedee2ucNv,The file /tmp/ccka-wlA-on/apps/api/src/service.ts has been u
wlA-on,15,real,2026-06-22T02:04:58.005Z,claude-opus-4-8,211,1540,0,1540,29787,913,10834.7,36103.0,req_011CcHUhcpKQMdfedee2ucNv,The file /tmp/ccka-wlA-on/apps/api/src/service.ts has been u
wlA-on,16,real,2026-06-22T02:05:00.969Z,claude-opus-4-8,2,1284,0,1284,31327,929,10347.7,37258.0,req_011CcHUiPTRXGzL18YTbD6Cr,The file /tmp/ccka-wlA-on/apps/api/src/service.ts has been u
wlA-on,17,real,2026-06-22T02:05:10.396Z,claude-opus-4-8,2,1284,0,1284,31327,929,10347.7,37258.0,req_011CcHUiPTRXGzL18YTbD6Cr,The file /tmp/ccka-wlA-on/apps/api/src/service.ts has been u
wlA-on,18,real,2026-06-22T02:05:15.708Z,claude-opus-4-8,2,990,0,990,32611,368,7083.1,35443.0,req_011CcHUjJKt63MPbCUxLtyMP,The file /tmp/ccka-wlA-on/apps/api/src/agentClient.ts has be
wlA-on,19,real,2026-06-22T02:05:16.118Z,claude-opus-4-8,2,990,0,990,32611,368,7083.1,35443.0,req_011CcHUjJKt63MPbCUxLtyMP,The file /tmp/ccka-wlA-on/apps/api/src/agentClient.ts has be
wlA-on,20,real,2026-06-22T02:05:16.630Z,claude-opus-4-8,2,990,0,990,32611,368,7083.1,35443.0,req_011CcHUjJKt63MPbCUxLtyMP,The file /tmp/ccka-wlA-on/apps/api/src/agentClient.ts has be
wlA-on,21,real,2026-06-22T02:05:20.896Z,claude-opus-4-8,2,423,0,423,33601,118,4798.1,34616.0,req_011CcHUjrMxFgZPWFQQcuBG4,undefined /tmp/ccka-wlA-on/apps/api:  ERR_PNPM_RECURSIVE_EXE
wlA-on,22,real,2026-06-22T02:05:24.828Z,claude-opus-4-8,2,271,0,271,34024,152,4706.4,35057.0,req_011CcHUk9LuoZtYzEtCscnhN,[41m                                                       
wlA-on,23,real,2026-06-22T02:05:25.659Z,claude-opus-4-8,2,271,0,271,34024,152,4706.4,35057.0,req_011CcHUk9LuoZtYzEtCscnhN,[41m                                                       
wlA-on,24,real,2026-06-22T02:05:28.714Z,claude-opus-4-8,2,402,0,402,34295,120,4835.5,35299.0,req_011CcHUkSkuuzvJWaBd1kjx8,"""scripts"": {     ""dev"": ""tsx src/server.ts"",     ""build"": ""t"
wlA-on,25,real,2026-06-22T02:05:33.016Z,claude-opus-4-8,2,244,0,244,34697,750,7709.7,38693.0,req_011CcHUkhRDtPgfhHjQiYtif,> @lotto/api@0.1.0 typecheck:pkg /tmp/ccka-wlA-on/apps/api >
wlA-on,26,real,2026-06-22T02:05:40.637Z,claude-opus-4-8,2,244,0,244,34697,750,7709.7,38693.0,req_011CcHUkhRDtPgfhHjQiYtif,> @lotto/api@0.1.0 typecheck:pkg /tmp/ccka-wlA-on/apps/api >
wlA-on,27,keepalive,2026-06-22T02:09:44.514Z,claude-opus-4-8,2,25,0,25,35691,22,3731.1,35828.0,req_011CcHV5FH8YDhgCQyKU6SnL,"Stop hook feedback: got it, i need some time to think about "
wlA-on,28,real,2026-06-22T02:13:15.458Z,claude-opus-4-8,180,127,0,127,35716,3047,19240.6,51258.0,req_011CcHVK5xSMqRNdxFiByxiS,Now also add a short JSDoc note describing each thrown error
wlA-on,29,real,2026-06-22T02:13:15.869Z,claude-opus-4-8,180,127,0,127,35716,3047,19240.6,51258.0,req_011CcHVK5xSMqRNdxFiByxiS,Now also add a short JSDoc note describing each thrown error
wlA-on,30,real,2026-06-22T02:13:18.231Z,claude-opus-4-8,180,127,0,127,35716,3047,19240.6,51258.0,req_011CcHVK5xSMqRNdxFiByxiS,Now also add a short JSDoc note describing each thrown error
wlA-on,31,real,2026-06-22T02:13:20.173Z,claude-opus-4-8,180,127,0,127,35716,3047,19240.6,51258.0,req_011CcHVK5xSMqRNdxFiByxiS,The file /tmp/ccka-wlA-on/apps/api/src/service.ts has been u
wlA-on,32,real,2026-06-22T02:13:22.933Z,claude-opus-4-8,180,127,0,127,35716,3047,19240.6,51258.0,req_011CcHVK5xSMqRNdxFiByxiS,The file /tmp/ccka-wlA-on/apps/api/src/service.ts has been u
wlA-on,33,real,2026-06-22T02:13:26.317Z,claude-opus-4-8,2,3537,0,3537,35843,494,13130.3,41852.0,req_011CcHVMcBRYissn6jxhDYG6,The file /tmp/ccka-wlA-on/apps/api/src/service.ts has been u
wlA-on,34,real,2026-06-22T02:13:26.825Z,claude-opus-4-8,2,3537,0,3537,35843,494,13130.3,41852.0,req_011CcHVMcBRYissn6jxhDYG6,The file /tmp/ccka-wlA-on/apps/api/src/service.ts has been u
wlA-on,35,real,2026-06-22T02:13:30.587Z,claude-opus-4-8,2,3537,0,3537,35843,494,13130.3,41852.0,req_011CcHVMcBRYissn6jxhDYG6,The file /tmp/ccka-wlA-on/apps/api/src/service.ts has been u
wlA-on,36,real,2026-06-22T02:13:35.324Z,claude-opus-4-8,2,555,0,555,39380,280,6450.0,41337.0,req_011CcHVNAswDPs9FTXUjCebD,The file /tmp/ccka-wlA-on/apps/api/src/agentClient.ts has be
wlB-off,1,real,2026-06-22T02:13:46.085Z,claude-opus-4-8,7643,4238,0,4238,9881,283,18522.1,23177.0,req_011CcHVP8Lfox83Qk1jA2sQx,Add pytest test cases (do not mark them live_nim) covering t
wlB-off,2,real,2026-06-22T02:13:46.483Z,claude-opus-4-8,7643,4238,0,4238,9881,283,18522.1,23177.0,req_011CcHVP8Lfox83Qk1jA2sQx,Add pytest test cases (do not mark them live_nim) covering t
wlB-off,3,real,2026-06-22T02:13:47.518Z,claude-opus-4-8,7643,4238,0,4238,9881,283,18522.1,23177.0,req_011CcHVP8Lfox83Qk1jA2sQx,Add pytest test cases (do not mark them live_nim) covering t
wlB-off,4,real,2026-06-22T02:13:47.921Z,claude-opus-4-8,7643,4238,0,4238,9881,283,18522.1,23177.0,req_011CcHVP8Lfox83Qk1jA2sQx,"1	import json 2	import re 3	from typing import Any, TypedDic"
wlB-off,5,real,2026-06-22T02:13:48.224Z,claude-opus-4-8,7643,4238,0,4238,9881,283,18522.1,23177.0,req_011CcHVP8Lfox83Qk1jA2sQx,1	import os 2	from typing import Any 3	import httpx 4	 5	cla
wlB-off,6,real,2026-06-22T02:14:38.609Z,claude-opus-4-8,2,14867,0,14867,14119,4663,54462.9,52303.0,req_011CcHVPU7YzMt6Mj2Nv4yva,1	import json 2	from pathlib import Path 3	import pytest 4	f
wlB-off,7,real,2026-06-22T02:14:38.812Z,claude-opus-4-8,2,14867,0,14867,14119,4663,54462.9,52303.0,req_011CcHVPU7YzMt6Mj2Nv4yva,1	import json 2	from pathlib import Path 3	import pytest 4	f
wlB-off,8,real,2026-06-22T02:14:39.734Z,claude-opus-4-8,2,14867,0,14867,14119,4663,54462.9,52303.0,req_011CcHVPU7YzMt6Mj2Nv4yva,1	import json 2	from pathlib import Path 3	import pytest 4	f
wlB-off,9,real,2026-06-22T02:14:40.773Z,claude-opus-4-8,2,14867,0,14867,14119,4663,54462.9,52303.0,req_011CcHVPU7YzMt6Mj2Nv4yva,"1	{ 2	  ""requestId"": ""req_1"", 3	  ""traceId"": null, 4	  ""comb"
wlB-off,10,real,2026-06-22T02:14:45.465Z,claude-opus-4-8,2,5366,0,5366,28986,178,14522.6,35244.0,req_011CcHVTQeZMb41e5JrCe36w,"[project] name = ""lotto-agent"" version = ""0.1.0"" description"
wlB-off,11,real,2026-06-22T02:14:45.474Z,claude-opus-4-8,2,5366,0,5366,28986,178,14522.6,35244.0,req_011CcHVTQeZMb41e5JrCe36w,"[project] name = ""lotto-agent"" version = ""0.1.0"" description"
wlB-off,12,real,2026-06-22T02:15:22.847Z,claude-opus-4-8,2,238,0,238,34352,4127,24548.2,55227.0,req_011CcHVTh3nQ2sanxBiMuVrQ,"1	import sys 2	from pathlib import Path 3	sys.path.insert(0,"
wlB-off,13,real,2026-06-22T02:15:25.097Z,claude-opus-4-8,2,238,0,238,34352,4127,24548.2,55227.0,req_011CcHVTh3nQ2sanxBiMuVrQ,"1	import sys 2	from pathlib import Path 3	sys.path.insert(0,"
wlB-off,14,real,2026-06-22T02:15:26.127Z,claude-opus-4-8,2,238,0,238,34352,4127,24548.2,55227.0,req_011CcHVTh3nQ2sanxBiMuVrQ,"1	import sys 2	from pathlib import Path 3	sys.path.insert(0,"
wlB-off,15,real,2026-06-22T02:15:29.402Z,claude-opus-4-8,131,4213,0,4213,34590,3041,27221.0,54139.0,req_011CcHVWgwRWwU6pwHefDxFF,The file /tmp/ccka-wlB-off/apps/agent/tests/test_agent.py ha
wlB-off,16,real,2026-06-22T02:15:54.489Z,claude-opus-4-8,131,4213,0,4213,34590,3041,27221.0,54139.0,req_011CcHVWgwRWwU6pwHefDxFF,The file /tmp/ccka-wlB-off/apps/agent/tests/test_agent.py ha
wlB-off,17,real,2026-06-22T02:15:57.059Z,claude-opus-4-8,2,3256,0,3256,38803,137,11079.3,42746.0,req_011CcHVYn9m3tsEvenxH28TA,The file /tmp/ccka-wlB-off/apps/agent/tests/test_agent.py ha
wlB-off,18,real,2026-06-22T02:15:57.868Z,claude-opus-4-8,2,3256,0,3256,38803,137,11079.3,42746.0,req_011CcHVYn9m3tsEvenxH28TA,The file /tmp/ccka-wlB-off/apps/agent/tests/test_agent.py ha
wlB-off,19,real,2026-06-22T02:16:04.328Z,claude-opus-4-8,2,158,0,158,42059,180,5423.9,43119.0,req_011CcHVZC9eNSxdcS4J1Phpw,/bin/bash: line 1: python: command not found
wlB-off,20,real,2026-06-22T02:16:07.489Z,claude-opus-4-8,2,228,0,228,42217,180,5579.7,43347.0,req_011CcHVZXPXqNDy9jKSeJgHx,/bin/bash: line 1: cd: apps/agent: No such file or directory
wlB-off,21,real,2026-06-22T02:16:08.208Z,claude-opus-4-8,2,228,0,228,42217,180,5579.7,43347.0,req_011CcHVZXPXqNDy9jKSeJgHx,/bin/bash: line 1: cd: apps/agent: No such file or directory
wlB-off,22,real,2026-06-22T02:16:22.440Z,claude-opus-4-8,2,257,0,257,42445,830,8910.5,46854.0,req_011CcHVa54HDNp9HZE7ZmpJc,/home/skykongkong/.local/bin/uv Using CPython 3.12.3 interpr
wlB-off,23,real,2026-06-22T02:16:22.772Z,claude-opus-4-8,2,257,0,257,42445,830,8910.5,46854.0,req_011CcHVa54HDNp9HZE7ZmpJc,/home/skykongkong/.local/bin/uv Using CPython 3.12.3 interpr
wlB-off,24,real,2026-06-22T02:16:24.186Z,claude-opus-4-8,2,257,0,257,42445,830,8910.5,46854.0,req_011CcHVa54HDNp9HZE7ZmpJc,/home/skykongkong/.local/bin/uv Using CPython 3.12.3 interpr
wlB-off,25,real,2026-06-22T02:16:34.016Z,claude-opus-4-8,2,1089,0,1089,42702,1249,12695.2,50038.0,req_011CcHVb5uANLgkHpjjsMphj,tests/test_agent.py::test_call_nim_propagates_timeout tests/
wlB-off,26,real,2026-06-22T02:16:42.085Z,claude-opus-4-8,2,1089,0,1089,42702,1249,12695.2,50038.0,req_011CcHVb5uANLgkHpjjsMphj,tests/test_agent.py::test_call_nim_propagates_timeout tests/
wlB-off,27,real,2026-06-22T02:23:51.672Z,claude-opus-4-8,2,1266,0,1266,43791,539,9608.1,47754.0,req_011CcHW9g9LH6BL8Se46Jeru,Add one more test for the empty LLM response case.
wlB-off,28,real,2026-06-22T02:23:55.129Z,claude-opus-4-8,2,1266,0,1266,43791,539,9608.1,47754.0,req_011CcHW9g9LH6BL8Se46Jeru,Add one more test for the empty LLM response case.
wlB-off,29,real,2026-06-22T02:23:59.201Z,claude-opus-4-8,131,625,0,625,45057,128,6526.7,46453.0,req_011CcHWAFot8DsbubXGGCMnJ,The file /tmp/ccka-wlB-off/apps/agent/tests/test_agent.py ha
wlB-off,30,real,2026-06-22T02:24:04.781Z,claude-opus-4-8,2,283,0,283,45682,84,5556.2,46387.0,req_011CcHWAdNfz2tiHVUahBQEj,.                                                           
wlB-on,1,real,2026-06-22T02:24:15.647Z,claude-opus-4-8,7643,4238,0,4238,9881,275,18482.1,23137.0,req_011CcHWBVPUsfSsUHbgiKUVJ,Add pytest test cases (do not mark them live_nim) covering t
wlB-on,2,real,2026-06-22T02:24:16.145Z,claude-opus-4-8,7643,4238,0,4238,9881,275,18482.1,23137.0,req_011CcHWBVPUsfSsUHbgiKUVJ,Add pytest test cases (do not mark them live_nim) covering t
wlB-on,3,real,2026-06-22T02:24:17.174Z,claude-opus-4-8,7643,4238,0,4238,9881,275,18482.1,23137.0,req_011CcHWBVPUsfSsUHbgiKUVJ,Add pytest test cases (do not mark them live_nim) covering t
wlB-on,4,real,2026-06-22T02:24:17.681Z,claude-opus-4-8,7643,4238,0,4238,9881,275,18482.1,23137.0,req_011CcHWBVPUsfSsUHbgiKUVJ,"1	import json 2	import re 3	from typing import Any, TypedDic"
wlB-on,5,real,2026-06-22T02:24:17.990Z,claude-opus-4-8,7643,4238,0,4238,9881,275,18482.1,23137.0,req_011CcHWBVPUsfSsUHbgiKUVJ,1	import os 2	from typing import Any 3	import httpx 4	 5	cla
wlB-on,6,real,2026-06-22T02:25:13.492Z,claude-opus-4-8,2,14859,0,14859,14119,4731,54786.9,52635.0,req_011CcHWBtei3wb4boHB2W1dY,1	import json 2	from pathlib import Path 3	import pytest 4	f
wlB-on,7,real,2026-06-22T02:25:14.000Z,claude-opus-4-8,2,14859,0,14859,14119,4731,54786.9,52635.0,req_011CcHWBtei3wb4boHB2W1dY,1	import json 2	from pathlib import Path 3	import pytest 4	f
wlB-on,8,real,2026-06-22T02:25:14.919Z,claude-opus-4-8,2,14859,0,14859,14119,4731,54786.9,52635.0,req_011CcHWBtei3wb4boHB2W1dY,1	import json 2	from pathlib import Path 3	import pytest 4	f
wlB-on,9,real,2026-06-22T02:25:16.574Z,claude-opus-4-8,2,14859,0,14859,14119,4731,54786.9,52635.0,req_011CcHWBtei3wb4boHB2W1dY,"1	{ 2	  ""requestId"": ""req_1"", 3	  ""traceId"": null, 4	  ""comb"
wlB-on,10,real,2026-06-22T02:26:01.825Z,claude-opus-4-8,2,5515,0,5515,28978,4722,37539.8,58105.0,req_011CcHWGGsoHn91xdXah1DRN,"Exit code 2 [project] name = ""lotto-agent"" version = ""0.1.0"""
wlB-on,11,real,2026-06-22T02:26:04.181Z,claude-opus-4-8,2,5515,0,5515,28978,4722,37539.8,58105.0,req_011CcHWGGsoHn91xdXah1DRN,"Exit code 2 [project] name = ""lotto-agent"" version = ""0.1.0"""
wlB-on,12,real,2026-06-22T02:26:07.359Z,claude-opus-4-8,2,5515,0,5515,28978,4722,37539.8,58105.0,req_011CcHWGGsoHn91xdXah1DRN,"Exit code 2 [project] name = ""lotto-agent"" version = ""0.1.0"""
wlB-on,13,real,2026-06-22T02:26:10.018Z,claude-opus-4-8,2,4808,0,4808,34493,3330,29717.3,55953.0,req_011CcHWKxZL9ShMfDyL6CsDC,The file /tmp/ccka-wlB-on/apps/agent/tests/test_agent.py has
wlB-on,14,real,2026-06-22T02:26:38.176Z,claude-opus-4-8,2,4808,0,4808,34493,3330,29717.3,55953.0,req_011CcHWKxZL9ShMfDyL6CsDC,The file /tmp/ccka-wlB-on/apps/agent/tests/test_agent.py has
wlB-on,15,real,2026-06-22T02:26:40.529Z,claude-opus-4-8,131,3416,0,3416,39301,107,11428.1,43383.0,req_011CcHWNEP9HDNjcVpEj5tyy,The file /tmp/ccka-wlB-on/apps/agent/tests/test_agent.py has
wlB-on,16,real,2026-06-22T02:26:41.127Z,claude-opus-4-8,131,3416,0,3416,39301,107,11428.1,43383.0,req_011CcHWNEP9HDNjcVpEj5tyy,The file /tmp/ccka-wlB-on/apps/agent/tests/test_agent.py has
wlB-on,17,real,2026-06-22T02:26:46.359Z,claude-opus-4-8,2,257,0,257,42717,145,5512.7,43701.0,req_011CcHWNU1h8mKzPx2xXP1up,/bin/bash: line 1: python: command not found
wlB-on,18,real,2026-06-22T02:26:50.053Z,claude-opus-4-8,2,193,0,193,42974,212,5745.4,44229.0,req_011CcHWNrLs1AqpGviUgkNf1,/bin/bash: line 1: cd: apps/agent: No such file or directory
wlB-on,19,real,2026-06-22T02:26:50.942Z,claude-opus-4-8,2,193,0,193,42974,212,5745.4,44229.0,req_011CcHWNrLs1AqpGviUgkNf1,/bin/bash: line 1: cd: apps/agent: No such file or directory
wlB-on,20,real,2026-06-22T02:26:54.161Z,claude-opus-4-8,2,246,0,246,43167,111,5365.7,43970.0,req_011CcHWPBu6VtpDeGVbkJkPf,/home/skykongkong/.local/bin/uv /usr/bin/python3.12
wlB-on,21,real,2026-06-22T02:26:58.391Z,claude-opus-4-8,2,169,0,169,43413,220,5781.3,44684.0,req_011CcHWPRvhjgwNZzAnYhHmU,Using CPython 3.12.3 interpreter at: /usr/bin/python3 Creati
wlB-on,22,real,2026-06-22T02:26:58.771Z,claude-opus-4-8,2,169,0,169,43413,220,5781.3,44684.0,req_011CcHWPRvhjgwNZzAnYhHmU,Using CPython 3.12.3 interpreter at: /usr/bin/python3 Creati
wlB-on,23,real,2026-06-22T02:27:02.346Z,claude-opus-4-8,2,259,0,259,43582,106,5408.2,44373.0,req_011CcHWPmwECzSBfvZCBdB7A,error: Failed to spawn: `pytest`   Caused by: No such file o
wlB-on,24,real,2026-06-22T02:27:11.325Z,claude-opus-4-8,2,146,0,146,43841,345,6403.1,45714.0,req_011CcHWQJYUdrep1xHmMvsw2,Installed 78 packages in 38ms ...................           
wlB-on,25,real,2026-06-22T02:27:12.274Z,claude-opus-4-8,2,146,0,146,43841,345,6403.1,45714.0,req_011CcHWQJYUdrep1xHmMvsw2,Installed 78 packages in 38ms ...................           
wlB-on,26,real,2026-06-22T02:27:12.702Z,claude-opus-4-8,2,146,0,146,43841,345,6403.1,45714.0,req_011CcHWQJYUdrep1xHmMvsw2,Installed 78 packages in 38ms ...................           
wlB-on,27,real,2026-06-22T02:27:24.714Z,claude-opus-4-8,2,368,0,368,43987,884,9556.7,48777.0,req_011CcHWQtrECutryCdnsHPB3,no tests collected (19 deselected) in 0.41s
wlB-on,28,keepalive,2026-06-22T02:31:27.560Z,claude-opus-4-8,2,909,0,909,44355,54,6525.5,45536.0,req_011CcHWjLMu6AzJnZHhztvH9,"Stop hook feedback: got it, i need some time to think about "
wlB-on,29,real,2026-06-22T02:34:36.389Z,claude-opus-4-8,131,149,0,149,45264,613,8020.4,48609.0,req_011CcHWyDuMD5JxGi43nyRJm,Add one more test for the empty LLM response case.
wlB-on,30,real,2026-06-22T02:34:40.479Z,claude-opus-4-8,131,149,0,149,45264,613,8020.4,48609.0,req_011CcHWyDuMD5JxGi43nyRJm,Add one more test for the empty LLM response case.
wlB-on,31,real,2026-06-22T02:34:43.604Z,claude-opus-4-8,2,828,0,828,45413,112,6759.3,46803.0,req_011CcHWynfaRyGv38YppkuxS,The file /tmp/ccka-wlB-on/apps/agent/tests/test_agent.py has
wlB-on,32,real,2026-06-22T02:34:47.648Z,claude-opus-4-8,2,145,0,145,46241,130,5566.1,47038.0,req_011CcHWz8xTxvdsGfgURhBHg,.                                                           
wlB-on,33,real,2026-06-22T02:34:48.240Z,claude-opus-4-8,2,145,0,145,46241,130,5566.1,47038.0,req_011CcHWz8xTxvdsGfgURhBHg,.                                                           
wlB-on,34,real,2026-06-22T02:34:52.980Z,claude-opus-4-8,2,156,0,156,46386,97,5437.6,47029.0,req_011CcHWzUcACei8teXRXYERZ,....................                                        
